job_title_clean,tokens,connection_clean,location_clean
 ct bauer college of business graduate magna cum laude and aspiring human resources professional,"['ct', 'bauer', 'college', 'business', 'graduate', 'magna', 'cum', 'laude', 'aspiring', 'human', 'resource', 'professional']",85,houston texas
native english teacher at epik english program in korea,"['native', 'english', 'teacher', 'epik', 'english', 'program', 'korea']",500,kanada
aspiring human resources professional,"['aspiring', 'human', 'resource', 'professional']",44,raleighdurham north carolina area
people development coordinator at ryan,"['people', 'development', 'coordinator', 'ryan']",500,denton texas
advisory board member at celal bayar university,"['advisory', 'board', 'member', 'celal', 'bayar', 'university']",500,izmir turkiye
aspiring human resources specialist,"['aspiring', 'human', 'resource', 'specialist']",1,greater new york city area
student at humber college and aspiring human resources generalist,"['student', 'humber', 'college', 'aspiring', 'human', 'resource', 'generalist']",61,kanada
hr senior specialist,"['hr', 'senior', 'specialist']",500,san francisco bay area
student at humber college and aspiring human resources generalist,"['student', 'humber', 'college', 'aspiring', 'human', 'resource', 'generalist']",61,kanada
seeking human resources hris and generalist positions,"['seeking', 'human', 'resource', 'hris', 'generalist', 'position']",500,greater philadelphia area
student at chapman university,"['student', 'chapman', 'university']",2,lake forest california
svp chro marketing  communications csr officer  engie  houston  the woodlands  energy  gphr  sphr,"['svp', 'chro', 'marketing', 'communication', 'csr', 'officer', 'engie', 'houston', 'woodland', 'energy', 'gphr', 'sphr']",500,houston texas area
human resources coordinator at intercontinental buckhead atlanta,"['human', 'resource', 'coordinator', 'intercontinental', 'buckhead', 'atlanta']",500,atlanta georgia
 ct bauer college of business graduate magna cum laude and aspiring human resources professional,"['ct', 'bauer', 'college', 'business', 'graduate', 'magna', 'cum', 'laude', 'aspiring', 'human', 'resource', 'professional']",85,houston texas
 ct bauer college of business graduate magna cum laude and aspiring human resources professional,"['ct', 'bauer', 'college', 'business', 'graduate', 'magna', 'cum', 'laude', 'aspiring', 'human', 'resource', 'professional']",85,houston texas
native english teacher at epik english program in korea,"['native', 'english', 'teacher', 'epik', 'english', 'program', 'korea']",500,kanada
aspiring human resources professional,"['aspiring', 'human', 'resource', 'professional']",44,raleighdurham north carolina area
people development coordinator at ryan,"['people', 'development', 'coordinator', 'ryan']",500,denton texas
 ct bauer college of business graduate magna cum laude and aspiring human resources professional,"['ct', 'bauer', 'college', 'business', 'graduate', 'magna', 'cum', 'laude', 'aspiring', 'human', 'resource', 'professional']",85,houston texas
native english teacher at epik english program in korea,"['native', 'english', 'teacher', 'epik', 'english', 'program', 'korea']",500,kanada
aspiring human resources professional,"['aspiring', 'human', 'resource', 'professional']",44,raleighdurham north carolina area
people development coordinator at ryan,"['people', 'development', 'coordinator', 'ryan']",500,denton texas
advisory board member at celal bayar university,"['advisory', 'board', 'member', 'celal', 'bayar', 'university']",500,izmir turkiye
aspiring human resources specialist,"['aspiring', 'human', 'resource', 'specialist']",1,greater new york city area
student at humber college and aspiring human resources generalist,"['student', 'humber', 'college', 'aspiring', 'human', 'resource', 'generalist']",61,kanada
hr senior specialist,"['hr', 'senior', 'specialist']",500,san francisco bay area
aspiring human resources management student seeking an internship,"['aspiring', 'human', 'resource', 'management', 'student', 'seeking', 'internship']",500,houston texas area
seeking human resources opportunities,"['seeking', 'human', 'resource', 'opportunity']",390,chicago illinois
aspiring human resources management student seeking an internship,"['aspiring', 'human', 'resource', 'management', 'student', 'seeking', 'internship']",500,houston texas area
seeking human resources opportunities,"['seeking', 'human', 'resource', 'opportunity']",390,chicago illinois
 ct bauer college of business graduate magna cum laude and aspiring human resources professional,"['ct', 'bauer', 'college', 'business', 'graduate', 'magna', 'cum', 'laude', 'aspiring', 'human', 'resource', 'professional']",85,houston texas
native english teacher at epik english program in korea,"['native', 'english', 'teacher', 'epik', 'english', 'program', 'korea']",500,kanada
aspiring human resources professional,"['aspiring', 'human', 'resource', 'professional']",44,raleighdurham north carolina area
people development coordinator at ryan,"['people', 'development', 'coordinator', 'ryan']",500,denton texas
advisory board member at celal bayar university,"['advisory', 'board', 'member', 'celal', 'bayar', 'university']",500,izmir turkiye
aspiring human resources specialist,"['aspiring', 'human', 'resource', 'specialist']",1,greater new york city area
student at humber college and aspiring human resources generalist,"['student', 'humber', 'college', 'aspiring', 'human', 'resource', 'generalist']",61,kanada
hr senior specialist,"['hr', 'senior', 'specialist']",500,san francisco bay area
student at humber college and aspiring human resources generalist,"['student', 'humber', 'college', 'aspiring', 'human', 'resource', 'generalist']",61,kanada
seeking human resources hris and generalist positions,"['seeking', 'human', 'resource', 'hris', 'generalist', 'position']",500,greater philadelphia area
student at chapman university,"['student', 'chapman', 'university']",2,lake forest california
svp chro marketing  communications csr officer  engie  houston  the woodlands  energy  gphr  sphr,"['svp', 'chro', 'marketing', 'communication', 'csr', 'officer', 'engie', 'houston', 'woodland', 'energy', 'gphr', 'sphr']",500,houston texas area
human resources coordinator at intercontinental buckhead atlanta,"['human', 'resource', 'coordinator', 'intercontinental', 'buckhead', 'atlanta']",500,atlanta georgia
 ct bauer college of business graduate magna cum laude and aspiring human resources professional,"['ct', 'bauer', 'college', 'business', 'graduate', 'magna', 'cum', 'laude', 'aspiring', 'human', 'resource', 'professional']",85,houston texas
native english teacher at epik english program in korea,"['native', 'english', 'teacher', 'epik', 'english', 'program', 'korea']",500,kanada
aspiring human resources professional,"['aspiring', 'human', 'resource', 'professional']",44,raleighdurham north carolina area
people development coordinator at ryan,"['people', 'development', 'coordinator', 'ryan']",500,denton texas
advisory board member at celal bayar university,"['advisory', 'board', 'member', 'celal', 'bayar', 'university']",500,izmir turkiye
aspiring human resources specialist,"['aspiring', 'human', 'resource', 'specialist']",1,greater new york city area
student at humber college and aspiring human resources generalist,"['student', 'humber', 'college', 'aspiring', 'human', 'resource', 'generalist']",61,kanada
hr senior specialist,"['hr', 'senior', 'specialist']",500,san francisco bay area
student at humber college and aspiring human resources generalist,"['student', 'humber', 'college', 'aspiring', 'human', 'resource', 'generalist']",61,kanada
seeking human resources hris and generalist positions,"['seeking', 'human', 'resource', 'hris', 'generalist', 'position']",500,greater philadelphia area
student at chapman university,"['student', 'chapman', 'university']",2,lake forest california
svp chro marketing  communications csr officer  engie  houston  the woodlands  energy  gphr  sphr,"['svp', 'chro', 'marketing', 'communication', 'csr', 'officer', 'engie', 'houston', 'woodland', 'energy', 'gphr', 'sphr']",500,houston texas area
human resources coordinator at intercontinental buckhead atlanta,"['human', 'resource', 'coordinator', 'intercontinental', 'buckhead', 'atlanta']",500,atlanta georgia
 ct bauer college of business graduate magna cum laude and aspiring human resources professional,"['ct', 'bauer', 'college', 'business', 'graduate', 'magna', 'cum', 'laude', 'aspiring', 'human', 'resource', 'professional']",85,houston texas
aspiring human resources professional,"['aspiring', 'human', 'resource', 'professional']",44,raleighdurham north carolina area
people development coordinator at ryan,"['people', 'development', 'coordinator', 'ryan']",500,denton texas
aspiring human resources specialist,"['aspiring', 'human', 'resource', 'specialist']",1,greater new york city area
hr senior specialist,"['hr', 'senior', 'specialist']",500,san francisco bay area
seeking human resources hris and generalist positions,"['seeking', 'human', 'resource', 'hris', 'generalist', 'position']",500,greater philadelphia area
student at chapman university,"['student', 'chapman', 'university']",2,lake forest california
svp chro marketing  communications csr officer  engie  houston  the woodlands  energy  gphr  sphr,"['svp', 'chro', 'marketing', 'communication', 'csr', 'officer', 'engie', 'houston', 'woodland', 'energy', 'gphr', 'sphr']",500,houston texas area
human resources coordinator at intercontinental buckhead atlanta,"['human', 'resource', 'coordinator', 'intercontinental', 'buckhead', 'atlanta']",500,atlanta georgia
experienced retail manager and aspiring human resources professional,"['experienced', 'retail', 'manager', 'aspiring', 'human', 'resource', 'professional']",57,austin texas area
human resources staffing and recruiting professional,"['human', 'resource', 'staffing', 'recruiting', 'professional']",500,jackson mississippi area
human resources specialist at luxottica,"['human', 'resource', 'specialist', 'luxottica']",500,greater new york city area
director of human resources north america groupe beneteau,"['director', 'human', 'resource', 'north', 'america', 'groupe', 'beneteau']",500,greater grand rapids michigan area
retired army national guard recruiter office manager  seeking a position in human resources,"['retired', 'army', 'national', 'guard', 'recruiter', 'office', 'manager', 'seeking', 'position', 'human', 'resource']",82,virginia beach virginia
human resources generalist at scottmadden inc,"['human', 'resource', 'generalist', 'scottmadden', 'inc']",500,raleighdurham north carolina area
business management major and aspiring human resources manager,"['business', 'management', 'major', 'aspiring', 'human', 'resource', 'manager']",5,monroe louisiana area
aspiring human resources manager seeking internship in human resources,"['aspiring', 'human', 'resource', 'manager', 'seeking', 'internship', 'human', 'resource']",7,houston texas area
human resources professional,"['human', 'resource', 'professional']",16,greater boston area
nortia staffing is seeking human resources payroll  administrative professionals   ,"['nortia', 'staffing', 'seeking', 'human', 'resource', 'payroll', 'administrative', 'professional']",500,san jose california
aspiring human resources professional  passionate about helping to create an inclusive and engaging work environment,"['aspiring', 'human', 'resource', 'professional', 'passionate', 'helping', 'create', 'inclusive', 'engaging', 'work', 'environment']",212,new york new york
"human resources
conflict management
policies  procedurestalent managementbenefits  compensation","['human', 'resource', 'conflict', 'management', 'policy', 'procedurestalent', 'managementbenefits', 'compensation']",409,dallasfort worth area
human resources generalist at schwans,"['human', 'resource', 'generalist', 'schwans']",500,amerika birlesik devletleri
liberal arts major aspiring human resources analyst,"['liberal', 'art', 'major', 'aspiring', 'human', 'resource', 'analyst']",7,baton rouge louisiana area
junior mes engineer information systems,"['junior', 'me', 'engineer', 'information', 'system']",52,myrtle beach south carolina area
senior human resources business partner at heil environmental,"['senior', 'human', 'resource', 'business', 'partner', 'heil', 'environmental']",455,chattanooga tennessee area
aspiring human resources professional  an energetic and teamfocused leader,"['aspiring', 'human', 'resource', 'professional', 'energetic', 'teamfocused', 'leader']",174,austin texas area
hr manager at endemol shine north america,"['hr', 'manager', 'endemol', 'shine', 'north', 'america']",268,los angeles california
human resources professional for the world leader in gis software,"['human', 'resource', 'professional', 'world', 'leader', 'gi', 'software']",50,highland california
rrp brand portfolio executive at jti japan tobacco international,"['rrp', 'brand', 'portfolio', 'executive', 'jti', 'japan', 'tobacco', 'international']",500,greater philadelphia area
information systems specialist and programmer with a love for data and organization,"['information', 'system', 'specialist', 'programmer', 'love', 'data', 'organization']",4,gaithersburg maryland
bachelor of science in biology from victoria university of wellington,"['bachelor', 'science', 'biology', 'victoria', 'university', 'wellington']",40,baltimore maryland
human resources management major,"['human', 'resource', 'management', 'major']",18,milpitas california
director human resources  at ey,"['director', 'human', 'resource', 'ey']",349,greater atlanta area
undergraduate research assistant at styczynski lab,"['undergraduate', 'research', 'assistant', 'styczynski', 'lab']",155,greater atlanta area
lead official at western illinois university,"['lead', 'official', 'western', 'illinois', 'university']",39,greater chicago area
seeking employment opportunities within customer service or patient care,"['seeking', 'employment', 'opportunity', 'within', 'customer', 'service', 'patient', 'care']",64,torrance california
admissions representative at community medical center long beach,"['admission', 'representative', 'community', 'medical', 'center', 'long', 'beach']",9,long beach california
seeking human  resources opportunities open to travel and relocation,"['seeking', 'human', 'resource', 'opportunity', 'open', 'travel', 'relocation']",415,amerika birlesik devletleri
student at westfield state university,"['student', 'westfield', 'state', 'university']",57,bridgewater massachusetts
"student at indiana university kokomo  business management  
retail manager at delphi hardware and paint","['student', 'indiana', 'university', 'kokomo', 'business', 'management', 'retail', 'manager', 'delphi', 'hardware', 'paint']",19,lafayette indiana
aspiring human resources professional,"['aspiring', 'human', 'resource', 'professional']",71,kokomo indiana area
student,['student'],4,houston texas area
seeking human resources position,"['seeking', 'human', 'resource', 'position']",48,las vegas nevada area
aspiring human resources manager  graduating may   seeking an entrylevel human resources position in st louis,"['aspiring', 'human', 'resource', 'manager', 'graduating', 'may', 'seeking', 'entrylevel', 'human', 'resource', 'position', 'st', 'louis']",103,cape girardeau missouri
human resources generalist at loparex,"['human', 'resource', 'generalist', 'loparex']",500,raleighdurham north carolina area
business intelligence and analytics at travelers,"['business', 'intelligence', 'analytics', 'traveler']",49,greater new york city area
always set them up for success,"['always', 'set', 'success']",500,greater los angeles area
director of administration at excellence logging,"['director', 'administration', 'excellence', 'logging']",500,katy texas
